{"cameraMode":{"drawMode":0,"name":"Shaded","section":"Shading Mode"},"sceneLighting":true,"audioPlay":false,"sceneViewState":{"m_AlwaysRefresh":false,"showFog":true,"showSkybox":true,"showFlares":true,"showImageEffects":true,"showParticleSystems":true,"showVisualEffectGraphs":true,"m_FxEnabled":true},"in2DMode":false,"pivot":{"x":-1.237898349761963,"y":-8.040767669677735,"z":10.468700408935547},"rotation":{"x":-0.33849814534187319,"y":0.0048010642640292648,"z":-0.0017072302289307118,"w":-0.940992534160614},"size":13.254691123962403,"orthographic":false}